[
  {
    "id": "158d2044-a92a-456c-8f89-caf87785f462",
    "data": [
      {
        "text": "Che informazioni puoi darmi sulla ",
        "userDefined": false
      },
      {
        "text": "Puglia",
        "userDefined": false
      },
      {
        "text": "?",
        "userDefined": false
      }
    ],
    "isTemplate": false,
    "count": 0,
    "lang": "it",
    "updated": 0
  },
  {
    "id": "0c0ba448-4f5f-4c5f-85bc-e66979ada4a3",
    "data": [
      {
        "text": "Parlami della ",
        "userDefined": false
      },
      {
        "text": "Puglia",
        "userDefined": false
      }
    ],
    "isTemplate": false,
    "count": 0,
    "lang": "it",
    "updated": 0
  },
  {
    "id": "368f8812-e643-4bb4-86e4-9c66a2ff7062",
    "data": [
      {
        "text": "Vorrei delle informazioni sulla ",
        "userDefined": false
      },
      {
        "text": "Puglia",
        "userDefined": false
      }
    ],
    "isTemplate": false,
    "count": 0,
    "lang": "it",
    "updated": 0
  },
  {
    "id": "17916c26-aebc-4af4-a6fb-d486f867c07e",
    "data": [
      {
        "text": "Sai darmi qualche info sulla ",
        "userDefined": false
      },
      {
        "text": "Puglia",
        "userDefined": false
      },
      {
        "text": "?",
        "userDefined": false
      }
    ],
    "isTemplate": false,
    "count": 0,
    "lang": "it",
    "updated": 0
  },
  {
    "id": "9ad5bf51-0bf2-406f-a1ed-9ae8e78de818",
    "data": [
      {
        "text": "Dimmi qualcosa sulla ",
        "userDefined": false
      },
      {
        "text": "Puglia",
        "userDefined": false
      }
    ],
    "isTemplate": false,
    "count": 0,
    "lang": "it",
    "updated": 0
  },
  {
    "id": "07e1b041-d965-4adb-ab91-6f71025f68b4",
    "data": [
      {
        "text": "Dammi informazioni sulla Puglia",
        "userDefined": false
      }
    ],
    "isTemplate": false,
    "count": 0,
    "lang": "it",
    "updated": 0
  },
  {
    "id": "f81e4665-9516-42ee-a2c8-318807064d9e",
    "data": [
      {
        "text": "Info Puglia",
        "userDefined": false
      }
    ],
    "isTemplate": false,
    "count": 0,
    "lang": "it",
    "updated": 0
  }
]