[
  {
    "id": "e2ab0056-ad9a-40ad-bbc0-208a4febf39a",
    "data": [
      {
        "text": "che monumenti posso trovare?",
        "userDefined": false
      }
    ],
    "isTemplate": false,
    "count": 0,
    "lang": "it",
    "updated": 0
  },
  {
    "id": "6d7456d6-369a-4c18-b677-88a8f0c37715",
    "data": [
      {
        "text": "quali sono i monumenti più importanti in ",
        "userDefined": false
      },
      {
        "text": "Puglia",
        "userDefined": false
      },
      {
        "text": "?",
        "userDefined": false
      }
    ],
    "isTemplate": false,
    "count": 0,
    "lang": "it",
    "updated": 0
  },
  {
    "id": "455d0ffa-459a-4a3c-9207-390569493054",
    "data": [
      {
        "text": "Consigliami quali monumenti della ",
        "userDefined": false
      },
      {
        "text": "Puglia",
        "userDefined": false
      },
      {
        "text": " sono da visitare",
        "userDefined": false
      }
    ],
    "isTemplate": false,
    "count": 0,
    "lang": "it",
    "updated": 0
  },
  {
    "id": "54032e39-f3db-44df-b19b-af9aafc5b191",
    "data": [
      {
        "text": "Mi",
        "userDefined": false
      },
      {
        "text": " puoi fare ",
        "userDefined": false
      },
      {
        "text": "una",
        "userDefined": false
      },
      {
        "text": " lista dei monumenti?",
        "userDefined": false
      }
    ],
    "isTemplate": false,
    "count": 0,
    "lang": "it",
    "updated": 0
  },
  {
    "id": "733246a5-c28a-4e6b-814a-3aed926521d5",
    "data": [
      {
        "text": "Dammi ",
        "userDefined": false
      },
      {
        "text": "un",
        "userDefined": false
      },
      {
        "text": " elenco dei monumenti della ",
        "userDefined": false
      },
      {
        "text": "Puglia",
        "userDefined": false
      }
    ],
    "isTemplate": false,
    "count": 0,
    "lang": "it",
    "updated": 0
  },
  {
    "id": "890df021-2b38-4cea-8bd2-91f9b520346f",
    "data": [
      {
        "text": "Quali monumenti ",
        "userDefined": false
      },
      {
        "text": "mi",
        "userDefined": false
      },
      {
        "text": " conviene visitare?",
        "userDefined": false
      }
    ],
    "isTemplate": false,
    "count": 0,
    "lang": "it",
    "updated": 0
  },
  {
    "id": "78a35198-1d13-435e-9448-592f89cfabac",
    "data": [
      {
        "text": "Dimmi quali sono i monumenti migliori della ",
        "userDefined": false
      },
      {
        "text": "Puglia",
        "userDefined": false
      }
    ],
    "isTemplate": false,
    "count": 0,
    "lang": "it",
    "updated": 0
  },
  {
    "id": "282b6c64-d280-4ad7-b7ef-c52b3ba06e88",
    "data": [
      {
        "text": "Fammi ",
        "userDefined": false
      },
      {
        "text": "un",
        "userDefined": false
      },
      {
        "text": " elenco dei migliori monumenti in ",
        "userDefined": false
      },
      {
        "text": "Puglia",
        "userDefined": false
      }
    ],
    "isTemplate": false,
    "count": 0,
    "lang": "it",
    "updated": 0
  },
  {
    "id": "74bb242b-d6f6-4af4-bc5e-69c9d59eabc5",
    "data": [
      {
        "text": "Mi",
        "userDefined": false
      },
      {
        "text": " mostri i migliori monumenti in ",
        "userDefined": false
      },
      {
        "text": "Puglia",
        "userDefined": false
      },
      {
        "text": "?",
        "userDefined": false
      }
    ],
    "isTemplate": false,
    "count": 0,
    "lang": "it",
    "updated": 0
  },
  {
    "id": "7c009155-1ed3-419b-adc1-87e62160d41f",
    "data": [
      {
        "text": "Elencami i migliori monumenti in ",
        "userDefined": false
      },
      {
        "text": "Puglia",
        "userDefined": false
      }
    ],
    "isTemplate": false,
    "count": 0,
    "lang": "it",
    "updated": 0
  },
  {
    "id": "51b664fb-479d-47af-82e4-8fe669f5c437",
    "data": [
      {
        "text": "Migliori monumenti in ",
        "userDefined": false
      },
      {
        "text": "Puglia",
        "userDefined": false
      }
    ],
    "isTemplate": false,
    "count": 0,
    "lang": "it",
    "updated": 0
  },
  {
    "id": "c0f00bec-d1c0-45b3-acd9-80248a7706a5",
    "data": [
      {
        "text": "Mostrami i monumenti più famosi in ",
        "userDefined": false
      },
      {
        "text": "Puglia",
        "userDefined": false
      }
    ],
    "isTemplate": false,
    "count": 0,
    "lang": "it",
    "updated": 0
  },
  {
    "id": "a7b156ca-2ded-48c2-806c-41e6b42a0b18",
    "data": [
      {
        "text": "Quali sono i monumenti ",
        "userDefined": false
      },
      {
        "text": "pugliesi",
        "userDefined": false
      },
      {
        "text": " più famosi?",
        "userDefined": false
      }
    ],
    "isTemplate": false,
    "count": 0,
    "lang": "it",
    "updated": 0
  },
  {
    "id": "01f449a0-b0b8-4bf0-b12b-32b6fd3a8e48",
    "data": [
      {
        "text": "consigliami dei monumenti",
        "userDefined": false
      }
    ],
    "isTemplate": false,
    "count": 0,
    "lang": "it",
    "updated": 0
  }
]