[
  {
    "id": "1f8a45e6-5bf5-4ecf-902c-4057a874f163",
    "data": [
      {
        "text": "Cosa posso vedere in ",
        "userDefined": false
      },
      {
        "text": "Puglia",
        "userDefined": false
      },
      {
        "text": "?",
        "userDefined": false
      }
    ],
    "isTemplate": false,
    "count": 0,
    "lang": "it",
    "updated": 0
  },
  {
    "id": "1fbe9fd3-3325-4db0-8507-d0e3f89c2145",
    "data": [
      {
        "text": "indicami ",
        "userDefined": false
      },
      {
        "text": "le attrazioni",
        "userDefined": false
      },
      {
        "text": " migliori della ",
        "userDefined": false
      },
      {
        "text": "Puglia",
        "userDefined": false
      }
    ],
    "isTemplate": false,
    "count": 0,
    "lang": "it",
    "updated": 0
  },
  {
    "id": "66ae80b1-fde4-4d59-8811-88b11fda892d",
    "data": [
      {
        "text": "quali ",
        "userDefined": false
      },
      {
        "text": "mete",
        "userDefined": false
      },
      {
        "text": " culturali ci sono?",
        "userDefined": false
      }
    ],
    "isTemplate": false,
    "count": 0,
    "lang": "it",
    "updated": 0
  },
  {
    "id": "fb01921b-aae1-4049-bfba-e7bb36191e9c",
    "data": [
      {
        "text": "suggeriscimi qualche posto caratteristico",
        "userDefined": false
      }
    ],
    "isTemplate": false,
    "count": 0,
    "lang": "it",
    "updated": 0
  },
  {
    "id": "b8be1d97-1f76-41e0-9b2a-5a52f98156f1",
    "data": [
      {
        "text": "Dimmi ",
        "userDefined": false
      },
      {
        "text": "le",
        "userDefined": false
      },
      {
        "text": " principali attrazioni ",
        "userDefined": false
      },
      {
        "text": "pugliesi",
        "userDefined": false
      }
    ],
    "isTemplate": false,
    "count": 0,
    "lang": "it",
    "updated": 0
  },
  {
    "id": "14bd5477-cc33-40d1-8f7e-c5743aedfe38",
    "data": [
      {
        "text": "suggeriscimi qualcosa da visitare",
        "userDefined": false
      }
    ],
    "isTemplate": false,
    "count": 0,
    "lang": "it",
    "updated": 0
  },
  {
    "id": "f412d7b8-cefe-4ba4-85ec-1ee6d9fb2f15",
    "data": [
      {
        "text": "che cosa posso visitare?",
        "userDefined": false
      }
    ],
    "isTemplate": false,
    "count": 0,
    "lang": "it",
    "updated": 0
  },
  {
    "id": "1e93c062-f60f-4ce6-a907-9342f2fad876",
    "data": [
      {
        "text": "cosa c\u0027è di interessante da vedere?",
        "userDefined": false
      }
    ],
    "isTemplate": false,
    "count": 0,
    "lang": "it",
    "updated": 0
  },
  {
    "id": "cf50064f-94ff-49d6-98e7-22a4e170288a",
    "data": [
      {
        "text": "Cosa",
        "userDefined": false
      },
      {
        "text": " posso visitare?",
        "userDefined": false
      }
    ],
    "isTemplate": false,
    "count": 0,
    "lang": "it",
    "updated": 0
  },
  {
    "id": "2a4c78c4-5841-4df8-9a27-788180c9dc6c",
    "data": [
      {
        "text": "Quali sono ",
        "userDefined": false
      },
      {
        "text": "le mete",
        "userDefined": false
      },
      {
        "text": " turistiche più frequentate?",
        "userDefined": false
      }
    ],
    "isTemplate": false,
    "count": 0,
    "lang": "it",
    "updated": 0
  },
  {
    "id": "ddbecfaa-4b08-4a56-b09d-4ff9c3fa841c",
    "data": [
      {
        "text": "Attrazioni turistiche in Puglia",
        "userDefined": false
      }
    ],
    "isTemplate": false,
    "count": 0,
    "lang": "it",
    "updated": 0
  },
  {
    "id": "8b6d2103-bc54-483b-b05b-bfb8beea2bc6",
    "data": [
      {
        "text": "Quali sono ",
        "userDefined": false
      },
      {
        "text": "le attrazioni turistiche",
        "userDefined": false
      },
      {
        "text": " più note in ",
        "userDefined": false
      },
      {
        "text": "Puglia",
        "userDefined": false
      },
      {
        "text": "?",
        "userDefined": false
      }
    ],
    "isTemplate": false,
    "count": 0,
    "lang": "it",
    "updated": 0
  },
  {
    "id": "d84c8620-cbb8-4e25-96d0-020b5278cc4c",
    "data": [
      {
        "text": "Quali sono ",
        "userDefined": false
      },
      {
        "text": "i posti",
        "userDefined": false
      },
      {
        "text": " più interessanti in ",
        "userDefined": false
      },
      {
        "text": "Puglia",
        "userDefined": false
      },
      {
        "text": "?",
        "userDefined": false
      }
    ],
    "isTemplate": false,
    "count": 0,
    "lang": "it",
    "updated": 0
  },
  {
    "id": "1d267ffe-14d7-413e-864c-f717d8c75cac",
    "data": [
      {
        "text": "Fammi ",
        "userDefined": false
      },
      {
        "text": "un",
        "userDefined": false
      },
      {
        "text": " elenco dei posti più noti nella ",
        "userDefined": false
      },
      {
        "text": "regione",
        "userDefined": false
      }
    ],
    "isTemplate": false,
    "count": 0,
    "lang": "it",
    "updated": 0
  },
  {
    "id": "21bd9257-e270-4043-9650-37be4d8b49b4",
    "data": [
      {
        "text": "Dammi informazioni sulle ",
        "userDefined": false
      },
      {
        "text": "attrazioni turistiche",
        "userDefined": false
      },
      {
        "text": " più visitate",
        "userDefined": false
      }
    ],
    "isTemplate": false,
    "count": 0,
    "lang": "it",
    "updated": 0
  },
  {
    "id": "cc7f6521-0d16-4ff7-9030-4f4ab2e99b9e",
    "data": [
      {
        "text": "Fammi ",
        "userDefined": false
      },
      {
        "text": "un",
        "userDefined": false
      },
      {
        "text": " elenco delle attrazioni nel territorio ",
        "userDefined": false
      },
      {
        "text": "pugliese",
        "userDefined": false
      }
    ],
    "isTemplate": false,
    "count": 0,
    "lang": "it",
    "updated": 0
  },
  {
    "id": "46b65bc9-dd5f-4186-9be3-ea60351aee51",
    "data": [
      {
        "text": "Che cosa c\u0027è di bello in ",
        "userDefined": false
      },
      {
        "text": "Puglia",
        "userDefined": false
      },
      {
        "text": "?",
        "userDefined": false
      }
    ],
    "isTemplate": false,
    "count": 0,
    "lang": "it",
    "updated": 0
  },
  {
    "id": "fd3188cf-b041-46cb-9f5f-d940f5daecb7",
    "data": [
      {
        "text": "Cosa mi consigli?",
        "userDefined": false
      }
    ],
    "isTemplate": false,
    "count": 0,
    "lang": "it",
    "updated": 0
  },
  {
    "id": "3eb25104-c653-4659-b037-9d3e665bb78e",
    "data": [
      {
        "text": "Elencami alcune ",
        "userDefined": false
      },
      {
        "text": "attrazioni turistiche",
        "userDefined": false
      }
    ],
    "isTemplate": false,
    "count": 0,
    "lang": "it",
    "updated": 0
  }
]