[
  {
    "id": "046882b4-0d7e-4173-854a-493224e206a4",
    "data": [
      {
        "text": "che curiosità ci sono sulla ",
        "userDefined": false
      },
      {
        "text": "Basilica di Santa Croce",
        "meta": "@sys.place-attraction",
        "alias": "place-attraction",
        "userDefined": false
      },
      {
        "text": "?",
        "userDefined": false
      }
    ],
    "isTemplate": false,
    "count": 0,
    "lang": "it",
    "updated": 0
  },
  {
    "id": "937eb30e-1162-4a2f-a93c-12cd5e760ef0",
    "data": [
      {
        "text": "qual è ",
        "userDefined": false
      },
      {
        "text": "la",
        "userDefined": false
      },
      {
        "text": " cosa più caratteristica del ",
        "userDefined": false
      },
      {
        "text": "Duomo di Brindisi",
        "meta": "@sys.place-attraction",
        "alias": "place-attraction",
        "userDefined": false
      }
    ],
    "isTemplate": false,
    "count": 0,
    "lang": "it",
    "updated": 0
  },
  {
    "id": "d6dd088d-bdd8-46fb-a998-9167b271822f",
    "data": [
      {
        "text": "Descrivimi la ",
        "userDefined": false
      },
      {
        "text": "Cattedrale di Ostuni",
        "meta": "@sys.place-attraction",
        "alias": "place-attraction",
        "userDefined": true
      }
    ],
    "isTemplate": false,
    "count": 0,
    "lang": "it",
    "updated": 0
  },
  {
    "id": "e7f6c18e-12d4-43ee-8f45-0a50723da161",
    "data": [
      {
        "text": "Cosa c\u0027è da sapere sulla ",
        "userDefined": false
      },
      {
        "text": "Abbazia Madonna della Scala",
        "meta": "@sys.place-attraction",
        "alias": "place-attraction",
        "userDefined": true
      },
      {
        "text": "?",
        "userDefined": false
      }
    ],
    "isTemplate": false,
    "count": 0,
    "lang": "it",
    "updated": 0
  },
  {
    "id": "7e3cb5fb-fc49-4d82-951f-ea3ae1e241d6",
    "data": [
      {
        "text": "Cosa ",
        "userDefined": false
      },
      {
        "text": "mi",
        "userDefined": false
      },
      {
        "text": " sai dire sul ",
        "userDefined": false
      },
      {
        "text": "Santuario Beato Giacomo",
        "meta": "@sys.place-attraction",
        "alias": "place-attraction",
        "userDefined": true
      },
      {
        "text": "?",
        "userDefined": false
      }
    ],
    "isTemplate": false,
    "count": 0,
    "lang": "it",
    "updated": 0
  },
  {
    "id": "6de63e93-42a7-47dd-90b4-ee83c2107d84",
    "data": [
      {
        "text": "Raccontami qualcosa sul ",
        "userDefined": false
      },
      {
        "text": "Duomo di Molfetta",
        "meta": "@sys.place-attraction",
        "alias": "place-attraction",
        "userDefined": true
      }
    ],
    "isTemplate": false,
    "count": 0,
    "lang": "it",
    "updated": 0
  },
  {
    "id": "8a7df71c-e15b-4506-b1ac-d2d1a00413b7",
    "data": [
      {
        "text": "Dimmi qualche info sulla ",
        "userDefined": false
      },
      {
        "text": "Basilica di San Leucio",
        "meta": "@sys.place-attraction",
        "alias": "place-attraction",
        "userDefined": true
      }
    ],
    "isTemplate": false,
    "count": 0,
    "lang": "it",
    "updated": 0
  },
  {
    "id": "71999a58-f70b-4f85-9e29-7ea787eeb135",
    "data": [
      {
        "text": "Dammi informazioni sul ",
        "userDefined": false
      },
      {
        "text": "Convento di Santa Maria delle Grazie",
        "meta": "@sys.place-attraction",
        "alias": "place-attraction",
        "userDefined": false
      },
      {
        "text": ".",
        "userDefined": false
      }
    ],
    "isTemplate": false,
    "count": 0,
    "lang": "it",
    "updated": 0
  },
  {
    "id": "00f56612-9452-4135-b18f-19e8c56afeec",
    "data": [
      {
        "text": "Parlami del ",
        "userDefined": false
      },
      {
        "text": "Santuario di San Matteo",
        "meta": "@sys.place-attraction",
        "alias": "place-attraction",
        "userDefined": false
      }
    ],
    "isTemplate": false,
    "count": 0,
    "lang": "it",
    "updated": 0
  },
  {
    "id": "ac03d5b0-09eb-4f93-926d-57134ea42bbd",
    "data": [
      {
        "text": "A quando risale la ",
        "userDefined": false
      },
      {
        "text": "Cattedrale di Troia",
        "meta": "@sys.place-attraction",
        "alias": "place-attraction",
        "userDefined": true
      },
      {
        "text": "?",
        "userDefined": false
      }
    ],
    "isTemplate": false,
    "count": 0,
    "lang": "it",
    "updated": 0
  },
  {
    "id": "e6cc6288-76b8-41f5-8a7d-74fa3e020259",
    "data": [
      {
        "text": "Dammi informazioni sulla ",
        "userDefined": false
      },
      {
        "text": "Cattedrale di Ostuni",
        "meta": "@sys.place-attraction",
        "alias": "place-attraction",
        "userDefined": false
      }
    ],
    "isTemplate": false,
    "count": 1,
    "lang": "it",
    "updated": 0
  }
]