[
  {
    "id": "d4abd4c5-609c-4553-8d0e-9bc7012a6852",
    "data": [
      {
        "text": "che curiosità ci sono sul ",
        "userDefined": false
      },
      {
        "text": "Parco Nazionale del Gargano",
        "meta": "@sys.place-attraction",
        "alias": "place-attraction",
        "userDefined": false
      },
      {
        "text": "?",
        "userDefined": false
      }
    ],
    "isTemplate": false,
    "count": 0,
    "lang": "it",
    "updated": 0
  },
  {
    "id": "4e1a27d9-ac9e-46a3-86a2-24ba9f1480e7",
    "data": [
      {
        "text": "qual\u0027è ",
        "userDefined": false
      },
      {
        "text": "la",
        "userDefined": false
      },
      {
        "text": " cosa più caratteristica del ",
        "userDefined": false
      },
      {
        "text": "Parco Nazionale del Gargano",
        "meta": "@sys.place-attraction",
        "alias": "place-attraction",
        "userDefined": false
      }
    ],
    "isTemplate": false,
    "count": 0,
    "lang": "it",
    "updated": 0
  },
  {
    "id": "a7524329-c61d-4748-a7fb-188dcf7138c8",
    "data": [
      {
        "text": "Descrivimi il ",
        "userDefined": false
      },
      {
        "text": "Parco Nazionale del Gargano",
        "meta": "@sys.place-attraction",
        "alias": "place-attraction",
        "userDefined": false
      }
    ],
    "isTemplate": false,
    "count": 0,
    "lang": "it",
    "updated": 0
  },
  {
    "id": "93e91ac8-d9ea-4e62-8515-ca7dc6c536c4",
    "data": [
      {
        "text": "Cosa c\u0027è da sapere sul ",
        "userDefined": false
      },
      {
        "text": "Parco Nazionale del Gargano",
        "meta": "@sys.place-attraction",
        "alias": "place-attraction",
        "userDefined": false
      },
      {
        "text": "?",
        "userDefined": false
      }
    ],
    "isTemplate": false,
    "count": 0,
    "lang": "it",
    "updated": 0
  },
  {
    "id": "bca8db11-4c2f-40d1-86ef-3d04bc7763a1",
    "data": [
      {
        "text": "Cosa ",
        "userDefined": false
      },
      {
        "text": "mi",
        "userDefined": false
      },
      {
        "text": " sai dire sul ",
        "userDefined": false
      },
      {
        "text": "Parco Nazionale del Gargano",
        "meta": "@sys.place-attraction",
        "alias": "place-attraction",
        "userDefined": true
      },
      {
        "text": "?",
        "userDefined": false
      }
    ],
    "isTemplate": false,
    "count": 0,
    "lang": "it",
    "updated": 0
  },
  {
    "id": "18b4bd8a-8a47-4403-bba7-2c51b1e876d5",
    "data": [
      {
        "text": "Raccontami qualcosa sul ",
        "userDefined": false
      },
      {
        "text": "Parco Nazionale del Gargano",
        "meta": "@sys.place-attraction",
        "alias": "place-attraction",
        "userDefined": false
      }
    ],
    "isTemplate": false,
    "count": 0,
    "lang": "it",
    "updated": 0
  },
  {
    "id": "2e0ff9d8-d2ed-458f-a662-07aa9ee5ccbd",
    "data": [
      {
        "text": "Dimmi qualche info sul ",
        "userDefined": false
      },
      {
        "text": "Parco Nazionale del Gargano",
        "meta": "@sys.place-attraction",
        "alias": "place-attraction",
        "userDefined": false
      }
    ],
    "isTemplate": false,
    "count": 0,
    "lang": "it",
    "updated": 0
  },
  {
    "id": "9795b37c-f20a-4f0c-845b-17075029736c",
    "data": [
      {
        "text": "dammi informazioni sul ",
        "userDefined": false
      },
      {
        "text": "Parco Nazionale del Gargano",
        "meta": "@sys.place-attraction",
        "alias": "place-attraction",
        "userDefined": true
      }
    ],
    "isTemplate": false,
    "count": 0,
    "lang": "it",
    "updated": 0
  },
  {
    "id": "c6fe0fd6-9b08-4917-a647-c1f10f3fc9a8",
    "data": [
      {
        "text": "Parlami del ",
        "userDefined": false
      },
      {
        "text": "Parco Nazionale del Gargano",
        "meta": "@sys.place-attraction",
        "alias": "place-attraction",
        "userDefined": false
      }
    ],
    "isTemplate": false,
    "count": 0,
    "lang": "it",
    "updated": 0
  },
  {
    "id": "8f2460ae-aca8-42de-908d-19de49a7bada",
    "data": [
      {
        "text": "A quando risale il ",
        "userDefined": false
      },
      {
        "text": "Parco Nazionale del Gargano",
        "meta": "@sys.place-attraction",
        "alias": "place-attraction",
        "userDefined": false
      },
      {
        "text": "?",
        "userDefined": false
      }
    ],
    "isTemplate": false,
    "count": 1,
    "lang": "it",
    "updated": 0
  }
]