[
  {
    "id": "c2423a7c-0f46-45c4-83cf-1d059593f01d",
    "data": [
      {
        "text": "che ",
        "userDefined": false
      },
      {
        "text": "castelli",
        "userDefined": false
      },
      {
        "text": " storici posso trovare?",
        "userDefined": false
      }
    ],
    "isTemplate": false,
    "count": 0,
    "lang": "it",
    "updated": 0
  },
  {
    "id": "e6636825-da4d-4bce-b02c-07888a789df1",
    "data": [
      {
        "text": "quali sono ",
        "userDefined": false
      },
      {
        "text": "i castelli",
        "userDefined": false
      },
      {
        "text": " più importanti in ",
        "userDefined": false
      },
      {
        "text": "Puglia",
        "userDefined": false
      },
      {
        "text": "?",
        "userDefined": false
      }
    ],
    "isTemplate": false,
    "count": 0,
    "lang": "it",
    "updated": 0
  },
  {
    "id": "f534d0fd-b8a1-415a-966e-cedec0ff6301",
    "data": [
      {
        "text": "Consigliami quali ",
        "userDefined": false
      },
      {
        "text": "castelli della Puglia",
        "userDefined": false
      },
      {
        "text": " sono da visitare",
        "userDefined": false
      }
    ],
    "isTemplate": false,
    "count": 0,
    "lang": "it",
    "updated": 0
  },
  {
    "id": "a47ba1cb-7d2c-4b86-848c-4dc383b4ec66",
    "data": [
      {
        "text": "Mi",
        "userDefined": false
      },
      {
        "text": " puoi fare ",
        "userDefined": false
      },
      {
        "text": "una",
        "userDefined": false
      },
      {
        "text": " lista dei ",
        "userDefined": false
      },
      {
        "text": "castelli",
        "userDefined": false
      },
      {
        "text": "?",
        "userDefined": false
      }
    ],
    "isTemplate": false,
    "count": 0,
    "lang": "it",
    "updated": 0
  },
  {
    "id": "9115e7fb-54f3-407a-a470-bda5c25f0ea4",
    "data": [
      {
        "text": "Dammi ",
        "userDefined": false
      },
      {
        "text": "un",
        "userDefined": false
      },
      {
        "text": " elenco dei ",
        "userDefined": false
      },
      {
        "text": "castelli della Puglia",
        "userDefined": false
      }
    ],
    "isTemplate": false,
    "count": 0,
    "lang": "it",
    "updated": 0
  },
  {
    "id": "be9090d4-03db-4397-85e5-792bcf9ac8aa",
    "data": [
      {
        "text": "Quali ",
        "userDefined": false
      },
      {
        "text": "castelli",
        "userDefined": false
      },
      {
        "text": " ",
        "userDefined": false
      },
      {
        "text": "mi",
        "userDefined": false
      },
      {
        "text": " conviene visitare?",
        "userDefined": false
      }
    ],
    "isTemplate": false,
    "count": 0,
    "lang": "it",
    "updated": 0
  },
  {
    "id": "36ee3702-afae-41b2-ab17-338a5bfe9dd6",
    "data": [
      {
        "text": "Dimmi quali sono ",
        "userDefined": false
      },
      {
        "text": "i castelli migliori",
        "userDefined": false
      },
      {
        "text": " della ",
        "userDefined": false
      },
      {
        "text": "Puglia",
        "userDefined": false
      }
    ],
    "isTemplate": false,
    "count": 0,
    "lang": "it",
    "updated": 0
  },
  {
    "id": "fccb80e8-6a4d-46a6-89d9-fcc74f0f0163",
    "data": [
      {
        "text": "Fammi ",
        "userDefined": false
      },
      {
        "text": "un",
        "userDefined": false
      },
      {
        "text": " elenco dei ",
        "userDefined": false
      },
      {
        "text": "migliori castelli in Puglia",
        "userDefined": false
      }
    ],
    "isTemplate": false,
    "count": 0,
    "lang": "it",
    "updated": 0
  },
  {
    "id": "151195d1-f60a-4995-b123-df54c2319397",
    "data": [
      {
        "text": "Mi",
        "userDefined": false
      },
      {
        "text": " mostri ",
        "userDefined": false
      },
      {
        "text": "i migliori castelli in Puglia",
        "userDefined": false
      },
      {
        "text": "?",
        "userDefined": false
      }
    ],
    "isTemplate": false,
    "count": 0,
    "lang": "it",
    "updated": 0
  },
  {
    "id": "62511422-bb51-4131-9da1-17ffc5607a63",
    "data": [
      {
        "text": "Elencami ",
        "userDefined": false
      },
      {
        "text": "i migliori castelli in Puglia",
        "userDefined": false
      }
    ],
    "isTemplate": false,
    "count": 0,
    "lang": "it",
    "updated": 0
  },
  {
    "id": "5521da28-18da-46ba-84ff-8a69fbadec67",
    "data": [
      {
        "text": "Migliori castelli in puglia",
        "userDefined": false
      }
    ],
    "isTemplate": false,
    "count": 0,
    "lang": "it",
    "updated": 0
  },
  {
    "id": "1d5b796c-125c-4545-a23f-767c07343493",
    "data": [
      {
        "text": "Mostrami ",
        "userDefined": false
      },
      {
        "text": "i castelli",
        "userDefined": false
      },
      {
        "text": " più famosi in ",
        "userDefined": false
      },
      {
        "text": "Puglia",
        "userDefined": false
      }
    ],
    "isTemplate": false,
    "count": 0,
    "lang": "it",
    "updated": 0
  },
  {
    "id": "1e35955f-4310-43df-a948-53c9acb97eac",
    "data": [
      {
        "text": "Quali sono ",
        "userDefined": false
      },
      {
        "text": "i castelli pugliesi",
        "userDefined": false
      },
      {
        "text": " più famosi?",
        "userDefined": false
      }
    ],
    "isTemplate": false,
    "count": 0,
    "lang": "it",
    "updated": 0
  },
  {
    "id": "f6bf88dd-6bf9-4df0-8da0-ecb1cca85718",
    "data": [
      {
        "text": "Consigliami dei castelli",
        "userDefined": false
      }
    ],
    "isTemplate": false,
    "count": 0,
    "lang": "it",
    "updated": 0
  }
]