[
  {
    "id": "ac866d3d-5fa3-40df-86a5-3c212c1172cc",
    "data": [
      {
        "text": "che città posso trovare?",
        "userDefined": false
      }
    ],
    "isTemplate": false,
    "count": 0,
    "lang": "it",
    "updated": 0
  },
  {
    "id": "36329604-277f-4146-acb6-3d41036e5a05",
    "data": [
      {
        "text": "quali sono i comuni più importanti in ",
        "userDefined": false
      },
      {
        "text": "Puglia",
        "userDefined": false
      },
      {
        "text": "?",
        "userDefined": false
      }
    ],
    "isTemplate": false,
    "count": 0,
    "lang": "it",
    "updated": 0
  },
  {
    "id": "bb339c1f-eede-4ce5-b351-e12ea2e0ded3",
    "data": [
      {
        "text": "Consigliami quali città della ",
        "userDefined": false
      },
      {
        "text": "Puglia",
        "userDefined": false
      },
      {
        "text": " sono da visitare",
        "userDefined": false
      }
    ],
    "isTemplate": false,
    "count": 0,
    "lang": "it",
    "updated": 0
  },
  {
    "id": "4886a395-dab7-46ea-a990-bc2a93c9c3d9",
    "data": [
      {
        "text": "Mi",
        "userDefined": false
      },
      {
        "text": " puoi fare ",
        "userDefined": false
      },
      {
        "text": "una",
        "userDefined": false
      },
      {
        "text": " lista dei comuni?",
        "userDefined": false
      }
    ],
    "isTemplate": false,
    "count": 0,
    "lang": "it",
    "updated": 0
  },
  {
    "id": "d705cbe1-1e4c-4b48-ae34-d5cc29100b96",
    "data": [
      {
        "text": "Dammi ",
        "userDefined": false
      },
      {
        "text": "un",
        "userDefined": false
      },
      {
        "text": " elenco ",
        "userDefined": false
      },
      {
        "text": "delle città",
        "userDefined": false
      },
      {
        "text": " della ",
        "userDefined": false
      },
      {
        "text": "Puglia",
        "userDefined": false
      }
    ],
    "isTemplate": false,
    "count": 0,
    "lang": "it",
    "updated": 0
  },
  {
    "id": "66dff1e3-2da7-4918-9351-4304e74a5a5b",
    "data": [
      {
        "text": "Quali comuni ",
        "userDefined": false
      },
      {
        "text": "mi",
        "userDefined": false
      },
      {
        "text": " conviene visitare?",
        "userDefined": false
      }
    ],
    "isTemplate": false,
    "count": 0,
    "lang": "it",
    "updated": 0
  },
  {
    "id": "43d4f632-9a02-4d78-98c2-9f0d83d329c8",
    "data": [
      {
        "text": "Dimmi quali sono ",
        "userDefined": false
      },
      {
        "text": "le città",
        "userDefined": false
      },
      {
        "text": " migliori della ",
        "userDefined": false
      },
      {
        "text": "Puglia",
        "userDefined": false
      }
    ],
    "isTemplate": false,
    "count": 0,
    "lang": "it",
    "updated": 0
  },
  {
    "id": "7079d709-a31a-4f33-aac1-9635c863cebf",
    "data": [
      {
        "text": "Fammi ",
        "userDefined": false
      },
      {
        "text": "un",
        "userDefined": false
      },
      {
        "text": " elenco dei migliori comuni in ",
        "userDefined": false
      },
      {
        "text": "Puglia",
        "userDefined": false
      }
    ],
    "isTemplate": false,
    "count": 0,
    "lang": "it",
    "updated": 0
  },
  {
    "id": "fd1a0c38-2f2a-445d-a53a-9085770b0444",
    "data": [
      {
        "text": "Mi",
        "userDefined": false
      },
      {
        "text": " mostri ",
        "userDefined": false
      },
      {
        "text": "le",
        "userDefined": false
      },
      {
        "text": " migliori città in ",
        "userDefined": false
      },
      {
        "text": "Puglia",
        "userDefined": false
      },
      {
        "text": "?",
        "userDefined": false
      }
    ],
    "isTemplate": false,
    "count": 0,
    "lang": "it",
    "updated": 0
  },
  {
    "id": "82846afd-363d-409c-a8aa-878b0760df77",
    "data": [
      {
        "text": "Elencami i migliori comuni in ",
        "userDefined": false
      },
      {
        "text": "Puglia",
        "userDefined": false
      }
    ],
    "isTemplate": false,
    "count": 0,
    "lang": "it",
    "updated": 0
  },
  {
    "id": "bd28218a-a675-4d98-8b6f-c79e933f7d2d",
    "data": [
      {
        "text": "Migliori città in ",
        "userDefined": false
      },
      {
        "text": "Puglia",
        "userDefined": false
      }
    ],
    "isTemplate": false,
    "count": 0,
    "lang": "it",
    "updated": 0
  },
  {
    "id": "e460af57-6faa-475d-a499-d45ec2974635",
    "data": [
      {
        "text": "Mostrami i comuni più famosi in ",
        "userDefined": false
      },
      {
        "text": "Puglia",
        "userDefined": false
      }
    ],
    "isTemplate": false,
    "count": 0,
    "lang": "it",
    "updated": 0
  },
  {
    "id": "ad4654ba-1060-46ed-8f3b-5fd3042b4ba9",
    "data": [
      {
        "text": "Quali sono ",
        "userDefined": false
      },
      {
        "text": "le città pugliesi",
        "userDefined": false
      },
      {
        "text": " più famose?",
        "userDefined": false
      }
    ],
    "isTemplate": false,
    "count": 0,
    "lang": "it",
    "updated": 0
  },
  {
    "id": "bde3bc86-8c3d-408e-9e5f-a0f8740478fc",
    "data": [
      {
        "text": "consigliami dei comuni",
        "userDefined": false
      }
    ],
    "isTemplate": false,
    "count": 0,
    "lang": "it",
    "updated": 0
  }
]