[
  {
    "id": "0debcfa5-a87b-467e-aec8-be86181f7a31",
    "data": [
      {
        "text": "buon ",
        "userDefined": false
      },
      {
        "text": "pomeriggio",
        "userDefined": false
      }
    ],
    "isTemplate": false,
    "count": 0,
    "lang": "it",
    "updated": 0
  },
  {
    "id": "be268af8-2f95-4389-af86-67dcdcb5257b",
    "data": [
      {
        "text": "buonasera",
        "userDefined": false
      }
    ],
    "isTemplate": false,
    "count": 0,
    "lang": "it",
    "updated": 0
  },
  {
    "id": "7afae8ef-d4a7-49df-81f9-ee1b7d4dc93d",
    "data": [
      {
        "text": "buongiorno",
        "userDefined": false
      }
    ],
    "isTemplate": false,
    "count": 0,
    "lang": "it",
    "updated": 0
  },
  {
    "id": "e9e42380-d570-4cfb-a652-14cd2b8dadf7",
    "data": [
      {
        "text": "ciao",
        "userDefined": false
      }
    ],
    "isTemplate": false,
    "count": 0,
    "lang": "it",
    "updated": 0
  },
  {
    "id": "5323fb8d-9201-4214-9fec-a1d0ed5e9465",
    "data": [
      {
        "text": "ciao ciao",
        "userDefined": false
      }
    ],
    "isTemplate": false,
    "count": 0,
    "lang": "it",
    "updated": 0
  },
  {
    "id": "5b58d242-7f62-4bdb-b83f-74c112153f6e",
    "data": [
      {
        "text": "ciao bello",
        "userDefined": false
      }
    ],
    "isTemplate": false,
    "count": 0,
    "lang": "it",
    "updated": 0
  },
  {
    "id": "34a9597d-7bc3-4ae7-ae82-b85eab25b3d7",
    "data": [
      {
        "text": "ciao bella",
        "userDefined": false
      }
    ],
    "isTemplate": false,
    "count": 0,
    "lang": "it",
    "updated": 0
  },
  {
    "id": "bb77b059-0927-4818-83a9-3860bb9c0e8f",
    "data": [
      {
        "text": "ciao caro",
        "userDefined": false
      }
    ],
    "isTemplate": false,
    "count": 0,
    "lang": "it",
    "updated": 0
  },
  {
    "id": "4ea113bd-417d-4c68-9443-ee4a7e13ece6",
    "data": [
      {
        "text": "ciao cara",
        "userDefined": false
      }
    ],
    "isTemplate": false,
    "count": 0,
    "lang": "it",
    "updated": 0
  },
  {
    "id": "b9ba6260-73c7-4164-915e-6fe9b424e31c",
    "data": [
      {
        "text": "salve",
        "userDefined": false
      }
    ],
    "isTemplate": false,
    "count": 0,
    "lang": "it",
    "updated": 0
  },
  {
    "id": "aad173f7-c59f-49e9-a2a6-13c2fff68dfb",
    "data": [
      {
        "text": "ehi",
        "userDefined": false
      }
    ],
    "isTemplate": false,
    "count": 0,
    "lang": "it",
    "updated": 0
  }
]